# Time (s),Motor mass (g),Thrust (N),Drag coefficient (​),Air temperature (K),Air pressure (Pa)
0.01,149.997,0.187,0.6,288.15,1.013e5
0.02,149.992,0.718,0.6,288.15,1.013e5
0.03,149.987,1.279,0.6,288.15,1.013e5
0.04,149.97,2.704,0.6,288.15,1.013e5
0.05,149.911,6.279,0.6,288.15,1.013e5
0.06,149.835,10.977,0.6,288.15,1.013e5
0.07,149.758,15.742,0.6,288.15,1.013e5
0.08,149.671,20.417,0.6,288.15,1.013e5
0.09,149.542,22.137,0.6,288.15,1.013e5
0.1,149.413,22.424,0.541,288.15,1.013e5
0.11,149.284,22.711,0.504,288.15,1.013e5
0.12,149.155,22.998,0.478,288.15,1.013e5
0.13,149.025,23.284,0.457,288.15,1.013e5
0.14,148.896,23.571,0.442,288.15,1.013e5
0.15,148.767,23.858,0.428,288.15,1.013e5
0.16,148.62,24.118,0.417,288.15,1.013e5
0.17,148.474,24.352,0.408,288.15,1.013e5
0.18,148.327,24.586,0.4,288.15,1.013e5
0.19,148.18,24.82,0.392,288.15,1.013e5
0.2,148.033,25.054,0.386,288.149,1.013e5
0.21,147.886,25.288,0.38,288.149,1.013e5
0.22,147.74,25.522,0.374,288.149,1.013e5
0.23,147.593,25.756,0.37,288.149,1.013e5
0.24,147.446,25.99,0.365,288.149,1.013e5
0.25,147.299,26.223,0.361,288.149,1.013e5
0.26,147.153,26.457,0.357,288.149,1.013e5
0.27,147.006,26.691,0.353,288.149,1.013e5
0.28,146.859,26.925,0.35,288.148,1.013e5
0.29,146.712,27.159,0.347,288.148,1.013e5
0.3,146.565,27.393,0.344,288.148,1.013e5
0.31,146.419,27.627,0.341,288.148,1.013e5
0.32,146.272,27.861,0.338,288.148,1.013e5
0.33,146.125,28.095,0.336,288.147,1.013e5
0.34,145.959,28.306,0.333,288.147,1.013e5
0.35,145.792,28.494,0.331,288.147,1.013e5
0.36,145.626,28.683,0.329,288.147,1.013e5
0.37,145.459,28.871,0.327,288.147,1.013e5
0.38,145.293,29.06,0.325,288.146,1.013e5
0.39,145.126,29.248,0.323,288.146,1.013e5
0.4,144.96,29.437,0.321,288.146,1.013e5
0.41,144.793,29.625,0.319,288.146,1.013e5
0.42,144.627,29.814,0.318,288.145,1.013e5
0.43,144.46,30.002,0.316,288.145,1.013e5
0.44,144.294,30.191,0.315,288.145,1.013e5
0.45,144.128,30.379,0.313,288.144,1.013e5
0.46,143.961,30.568,0.312,288.144,1.013e5
0.47,143.795,30.756,0.31,288.144,1.013e5
0.48,143.626,30.943,0.309,288.143,1.013e5
0.495,143.364,31.105,0.307,288.143,1.013e5
0.518,143.039,30.649,0.304,288.142,1.013e5
0.551,142.598,27.611,0.301,288.14,1.013e5
0.601,141.944,22.887,0.298,288.138,1.013e5
0.651,141.329,17.3,0.297,288.136,1.013e5
0.701,140.942,14.832,0.296,288.133,1.013e5
0.751,140.555,14.191,0.295,288.131,1.013e5
0.801,140.168,13.55,0.295,288.128,1.013e5
0.851,139.782,12.91,0.294,288.126,1.013e5
0.901,139.422,12.333,0.294,288.123,1.013e5
0.951,139.088,12.129,0.294,288.12,1.013e5
1.001,138.755,11.986,0.294,288.118,1.013e5
1.051,138.422,11.844,0.294,288.115,1.013e5
1.101,138.088,11.701,0.294,288.112,1.013e5
1.151,137.755,11.558,0.293,288.11,1.013e5
1.201,137.438,11.437,0.293,288.107,1.012e5
1.251,137.127,11.369,0.293,288.104,1.012e5
1.301,136.816,11.304,0.293,288.102,1.012e5
1.351,136.505,11.239,0.293,288.099,1.012e5
1.401,136.194,11.174,0.293,288.096,1.012e5
1.451,135.883,11.108,0.293,288.094,1.012e5
1.501,135.572,11.043,0.293,288.091,1.012e5
1.551,135.26,10.978,0.293,288.088,1.012e5
1.601,134.949,10.912,0.293,288.086,1.012e5
1.651,134.638,10.847,0.294,288.083,1.012e5
1.701,134.327,10.782,0.294,288.08,1.012e5
1.751,134.016,10.717,0.294,288.078,1.012e5
1.801,133.722,10.67,0.294,288.075,1.012e5
1.851,133.429,10.649,0.294,288.073,1.012e5
1.901,133.136,10.628,0.294,288.07,1.012e5
1.951,132.843,10.608,0.294,288.067,1.012e5
2.001,132.55,10.587,0.294,288.065,1.012e5
2.051,132.258,10.566,0.294,288.062,1.012e5
2.101,131.965,10.545,0.294,288.059,1.012e5
2.151,131.672,10.524,0.295,288.057,1.012e5
2.201,131.379,10.503,0.295,288.054,1.012e5
2.251,131.086,10.483,0.295,288.052,1.011e5
2.301,130.793,10.462,0.295,288.049,1.011e5
2.351,130.5,10.441,0.295,288.047,1.011e5
2.401,130.207,10.42,0.295,288.044,1.011e5
2.451,129.914,10.399,0.295,288.042,1.011e5
2.501,129.621,10.378,0.296,288.039,1.011e5
2.551,129.329,10.358,0.296,288.036,1.011e5
2.601,129.036,10.337,0.296,288.034,1.011e5
2.651,128.743,10.316,0.296,288.031,1.011e5
2.701,128.45,10.295,0.296,288.029,1.011e5
2.751,128.157,10.274,0.296,288.027,1.011e5
2.801,127.864,10.253,0.297,288.024,1.011e5
2.851,127.571,10.233,0.297,288.022,1.011e5
2.901,127.278,10.212,0.297,288.019,1.011e5
2.951,126.985,10.191,0.297,288.017,1.011e5
3.001,126.693,10.17,0.297,288.014,1.011e5
3.051,126.411,10.152,0.298,288.012,1.011e5
3.101,126.129,10.138,0.298,288.01,1.011e5
3.151,125.848,10.124,0.298,288.007,1.011e5
3.201,125.566,10.11,0.298,288.005,1.011e5
3.251,125.285,10.096,0.299,288.003,1.011e5
3.301,125.003,10.082,0.299,288,1.011e5
3.351,124.722,10.067,0.299,287.998,1.011e5
3.401,124.44,10.053,0.299,287.996,1.01e5
3.451,124.158,10.039,0.3,287.993,1.01e5
3.501,123.877,10.025,0.3,287.991,1.01e5
3.551,123.595,10.011,0.3,287.989,1.01e5
3.601,123.314,9.997,0.3,287.987,1.01e5
3.651,123.032,9.983,0.301,287.984,1.01e5
3.701,122.751,9.968,0.301,287.982,1.01e5
3.751,122.469,9.954,0.301,287.98,1.01e5
3.801,122.188,9.94,0.301,287.978,1.01e5
3.851,121.906,9.926,0.302,287.976,1.01e5
3.901,121.625,9.912,0.302,287.973,1.01e5
3.951,121.343,9.898,0.302,287.971,1.01e5
4.001,121.062,9.883,0.303,287.969,1.01e5
4.051,120.782,9.872,0.303,287.967,1.01e5
4.101,120.503,9.874,0.303,287.965,1.01e5
4.151,120.224,9.877,0.304,287.963,1.01e5
4.201,119.946,9.881,0.304,287.961,1.01e5
4.251,119.667,9.885,0.304,287.959,1.01e5
4.301,119.389,9.889,0.305,287.957,1.01e5
4.351,119.11,9.893,0.305,287.955,1.01e5
4.401,118.831,9.896,0.305,287.953,1.01e5
4.451,118.553,9.9,0.306,287.951,1.01e5
4.501,118.274,9.904,0.306,287.949,1.01e5
4.551,117.995,9.908,0.306,287.947,1.01e5
4.601,117.717,9.912,0.307,287.945,1.01e5
4.651,117.438,9.915,0.307,287.943,1.01e5
4.701,117.159,9.919,0.307,287.941,1.009e5
4.751,116.881,9.923,0.308,287.939,1.009e5
4.801,116.602,9.927,0.308,287.937,1.009e5
4.851,116.323,9.931,0.308,287.936,1.009e5
4.901,116.045,9.935,0.309,287.934,1.009e5
4.951,115.766,9.938,0.309,287.932,1.009e5
5.001,115.487,9.942,0.309,287.93,1.009e5
5.051,115.209,9.946,0.31,287.928,1.009e5
5.101,114.93,9.95,0.31,287.926,1.009e5
5.151,114.649,9.954,0.31,287.925,1.009e5
5.201,114.355,9.976,0.311,287.923,1.009e5
5.251,114.062,10.006,0.311,287.921,1.009e5
5.301,113.769,10.036,0.311,287.92,1.009e5
5.351,113.475,10.066,0.312,287.918,1.009e5
5.401,113.182,10.097,0.312,287.916,1.009e5
5.451,112.889,10.127,0.312,287.914,1.009e5
5.501,112.596,10.157,0.312,287.913,1.009e5
5.551,112.302,10.187,0.313,287.911,1.009e5
5.601,112.009,10.217,0.313,287.909,1.009e5
5.651,111.716,10.247,0.313,287.908,1.009e5
5.701,111.422,10.278,0.314,287.906,1.009e5
5.751,111.129,10.308,0.314,287.904,1.009e5
5.801,110.836,10.338,0.314,287.903,1.009e5
5.851,110.543,10.368,0.314,287.901,1.009e5
5.901,110.249,10.398,0.314,287.9,1.009e5
5.951,109.956,10.428,0.315,287.898,1.009e5
6.001,109.663,10.459,0.315,287.896,1.009e5
6.051,109.37,10.489,0.315,287.895,1.009e5
6.101,109.076,10.519,0.315,287.893,1.009e5
6.151,108.783,10.549,0.315,287.892,1.009e5
6.201,108.49,10.579,0.316,287.89,1.009e5
6.251,108.196,10.609,0.316,287.889,1.009e5
6.301,107.903,10.64,0.316,287.887,1.009e5
6.351,107.61,10.67,0.316,287.885,1.008e5
6.401,107.317,10.7,0.316,287.884,1.008e5
6.451,107.023,10.73,0.316,287.882,1.008e5
6.501,106.73,10.76,0.316,287.881,1.008e5
6.551,106.437,10.79,0.316,287.879,1.008e5
6.601,106.144,10.82,0.316,287.878,1.008e5
6.651,105.85,10.851,0.316,287.876,1.008e5
6.701,105.557,10.881,0.316,287.875,1.008e5
6.751,105.248,10.91,0.316,287.873,1.008e5
6.801,104.926,10.937,0.316,287.872,1.008e5
6.851,104.604,10.963,0.316,287.87,1.008e5
6.901,104.282,10.989,0.315,287.869,1.008e5
6.951,103.959,11.015,0.315,287.867,1.008e5
7.001,103.637,11.041,0.315,287.866,1.008e5
7.051,103.315,11.067,0.314,287.864,1.008e5
7.101,102.992,11.093,0.314,287.863,1.008e5
7.151,102.67,11.119,0.313,287.861,1.008e5
7.201,102.348,11.145,0.312,287.86,1.008e5
7.251,102.025,11.171,0.311,287.859,1.008e5
7.301,101.703,11.197,0.31,287.857,1.008e5
7.351,101.381,11.223,0.309,287.856,1.008e5
7.401,101.059,11.249,0.308,287.854,1.008e5
7.451,100.736,11.275,0.307,287.853,1.008e5
7.501,100.414,11.302,0.306,287.852,1.008e5
7.551,100.092,11.328,0.304,287.851,1.008e5
7.601,99.769,11.354,0.303,287.849,1.008e5
7.651,99.452,11.379,0.302,287.848,1.008e5
7.691,99.189,11.403,0.301,287.847,1.008e5
7.726,98.964,11.423,0.3,287.846,1.008e5
7.757,98.767,11.44,0.299,287.846,1.008e5
7.784,98.592,11.455,0.298,287.845,1.008e5
7.808,98.434,11.468,0.297,287.845,1.008e5
7.831,98.289,11.48,0.297,287.844,1.008e5
7.852,98.156,11.492,0.296,287.844,1.008e5
7.871,98.033,11.502,0.296,287.843,1.008e5
7.889,97.917,11.512,0.295,287.843,1.008e5
7.905,97.809,11.521,0.295,287.842,1.008e5
7.921,97.707,11.529,0.295,287.842,1.008e5
7.936,97.611,11.537,0.294,287.842,1.008e5
7.95,97.519,11.545,0.294,287.841,1.008e5
7.964,97.432,11.552,0.294,287.841,1.008e5
7.977,97.349,11.559,0.293,287.841,1.008e5
7.989,97.269,11.565,0.293,287.841,1.008e5
8.001,97.192,11.572,0.293,287.84,1.008e5
8.012,97.119,11.578,0.293,287.84,1.008e5
8.023,97.048,11.584,0.293,287.84,1.008e5
8.034,96.98,11.589,0.292,287.84,1.008e5
8.044,96.914,11.595,0.292,287.839,1.008e5
8.054,96.85,11.6,0.292,287.839,1.008e5
8.064,96.788,11.605,0.292,287.839,1.008e5
8.073,96.727,11.61,0.292,287.839,1.008e5
8.082,96.669,11.615,0.292,287.839,1.008e5
8.091,96.612,11.619,0.292,287.838,1.008e5
8.1,96.556,11.624,0.291,287.838,1.008e5
8.108,96.501,11.628,0.291,287.838,1.008e5
8.121,96.42,11.634,0.291,287.838,1.008e5
8.134,96.334,11.641,0.291,287.838,1.008e5
8.147,96.252,11.648,0.291,287.837,1.008e5
8.159,96.171,11.654,0.291,287.837,1.008e5
8.172,96.093,11.661,0.291,287.837,1.008e5
8.183,96.017,11.667,0.29,287.837,1.008e5
8.195,95.942,11.673,0.29,287.836,1.008e5
8.206,95.868,11.679,0.29,287.836,1.008e5
8.218,95.796,11.685,0.29,287.836,1.008e5
8.229,95.725,11.691,0.29,287.836,1.008e5
8.24,95.654,11.696,0.29,287.835,1.008e5
8.251,95.584,11.702,0.29,287.835,1.008e5
8.261,95.514,11.708,0.29,287.835,1.008e5
8.272,95.444,11.713,0.29,287.835,1.008e5
8.283,95.375,11.719,0.29,287.834,1.008e5
8.294,95.305,11.725,0.29,287.834,1.008e5
8.305,95.235,11.73,0.29,287.834,1.008e5
8.316,95.164,11.736,0.29,287.834,1.008e5
8.327,95.092,11.742,0.291,287.833,1.008e5
8.338,95.018,11.748,0.291,287.833,1.008e5
8.35,94.943,11.754,0.291,287.833,1.008e5
8.362,94.866,11.76,0.291,287.833,1.008e5
8.374,94.786,11.766,0.291,287.832,1.008e5
8.387,94.703,11.773,0.291,287.832,1.008e5
8.401,94.615,11.78,0.292,287.832,1.008e5
8.415,94.522,11.787,0.292,287.831,1.008e5
8.429,94.43,11.794,0.292,287.831,1.007e5
8.443,94.34,11.802,0.293,287.831,1.007e5
8.457,94.252,11.809,0.293,287.83,1.007e5
8.471,94.164,11.816,0.294,287.83,1.007e5
8.484,94.077,11.823,0.294,287.83,1.007e5
8.498,93.991,11.83,0.295,287.83,1.007e5
8.511,93.905,11.837,0.295,287.829,1.007e5
8.524,93.82,11.844,0.296,287.829,1.007e5
8.537,93.735,11.851,0.296,287.829,1.007e5
8.55,93.651,11.858,0.297,287.829,1.007e5
8.564,93.566,11.864,0.298,287.828,1.007e5
8.577,93.482,11.871,0.299,287.828,1.007e5
8.59,93.397,11.878,0.299,287.828,1.007e5
8.603,93.313,11.885,0.3,287.827,1.007e5
8.616,93.229,11.892,0.301,287.827,1.007e5
8.629,93.145,11.899,0.302,287.827,1.007e5
8.642,93.061,11.905,0.303,287.827,1.007e5
8.655,92.978,11.912,0.304,287.827,1.007e5
8.668,92.894,11.919,0.306,287.826,1.007e5
8.681,92.811,11.926,0.307,287.826,1.007e5
8.694,92.728,11.932,0.308,287.826,1.007e5
8.706,92.646,11.939,0.309,287.826,1.007e5
8.719,92.563,11.946,0.311,287.826,1.007e5
8.732,92.481,11.952,0.312,287.826,1.007e5
8.745,92.399,11.959,0.314,287.825,1.007e5
8.757,92.316,11.966,0.316,287.825,1.007e5
8.77,92.234,11.972,0.317,287.825,1.007e5
8.783,92.152,11.979,0.319,287.825,1.007e5
8.796,92.07,11.985,0.321,287.825,1.007e5
8.808,91.987,11.992,0.323,287.825,1.007e5
8.821,91.905,11.999,0.324,287.825,1.007e5
8.834,91.822,12.005,0.326,287.825,1.007e5
8.847,91.739,12.012,0.328,287.825,1.007e5
8.86,91.654,12.019,0.329,287.825,1.007e5
8.873,91.564,12.023,0.331,287.825,1.007e5
8.886,91.474,12.027,0.332,287.825,1.007e5
8.899,91.383,12.031,0.333,287.825,1.007e5
8.912,91.292,12.035,0.333,287.825,1.007e5
8.913,91.292,0,NaN,287.825,1.007e5
9.413,91.282,0,NaN,287.825,1.007e5
9.615,87.806,0,NaN,287.836,1.008e5
9.79,86.406,0,NaN,287.845,1.008e5
9.964,85.187,0,NaN,287.854,1.008e5
10.147,83.978,0,NaN,287.864,1.008e5
10.349,82.705,0,NaN,287.876,1.008e5
10.584,81.299,0,NaN,287.89,1.009e5
10.873,79.667,0,NaN,287.907,1.009e5
11.258,77.659,0,NaN,287.929,1.009e5
11.758,74.986,0,NaN,287.96,1.01e5
12.258,71.605,0,NaN,288.001,1.011e5
12.758,68.553,0,NaN,288.043,1.011e5
13.258,68,0,NaN,288.085,1.012e5
13.542,68,0,NaN,288.126,1.013e5
